-- phpMyAdmin SQL Dump
-- version 4.9.2
-- https://www.phpmyadmin.net/
--
-- Host: 127.0.0.1
-- Generation Time: May 20, 2020 at 07:42 PM
-- Server version: 10.4.11-MariaDB
-- PHP Version: 7.2.26

SET SQL_MODE = "NO_AUTO_VALUE_ON_ZERO";
SET AUTOCOMMIT = 0;
START TRANSACTION;
SET time_zone = "+00:00";


/*!40101 SET @OLD_CHARACTER_SET_CLIENT=@@CHARACTER_SET_CLIENT */;
/*!40101 SET @OLD_CHARACTER_SET_RESULTS=@@CHARACTER_SET_RESULTS */;
/*!40101 SET @OLD_COLLATION_CONNECTION=@@COLLATION_CONNECTION */;
/*!40101 SET NAMES utf8mb4 */;

--
-- Database: `shokher_tong`
--

-- --------------------------------------------------------

--
-- Table structure for table `admin_users`
--

CREATE TABLE `admin_users` (
  `id` int(11) NOT NULL,
  `username` varchar(255) NOT NULL,
  `password` varchar(255) NOT NULL
) ENGINE=InnoDB DEFAULT CHARSET=utf8mb4;

--
-- Dumping data for table `admin_users`
--

INSERT INTO `admin_users` (`id`, `username`, `password`) VALUES
(1, 'admin', 'admin');

-- --------------------------------------------------------

--
-- Table structure for table `categories`
--

CREATE TABLE `categories` (
  `id` int(11) NOT NULL,
  `name` varchar(255) NOT NULL,
  `status` tinyint(4) NOT NULL
) ENGINE=InnoDB DEFAULT CHARSET=utf8mb4;

--
-- Dumping data for table `categories`
--

INSERT INTO `categories` (`id`, `name`, `status`) VALUES
(53, 'Men', 1),
(54, 'Women', 1),
(55, 'Men\'s Shoes', 1),
(56, 'Women\'s Shoes', 1),
(57, 'Electronics', 0);

-- --------------------------------------------------------

--
-- Table structure for table `contact_us`
--

CREATE TABLE `contact_us` (
  `id` int(11) NOT NULL,
  `name` varchar(255) NOT NULL,
  `email` varchar(75) NOT NULL,
  `mobile` varchar(15) NOT NULL,
  `comment` text NOT NULL,
  `added_on` datetime NOT NULL
) ENGINE=InnoDB DEFAULT CHARSET=utf8mb4;

--
-- Dumping data for table `contact_us`
--

INSERT INTO `contact_us` (`id`, `name`, `email`, `mobile`, `comment`, `added_on`) VALUES
(2, 'robaith', 'test1@gmail.com', '1234567', 'test', '2020-04-30 08:17:02'),
(5, 'sdfasd', 'afd@hfgh', '42354', 'sdfgsdgf', '2020-05-10 07:45:08');

-- --------------------------------------------------------

--
-- Table structure for table `order`
--

CREATE TABLE `order` (
  `id` int(11) NOT NULL,
  `user_id` int(11) NOT NULL,
  `address` varchar(250) NOT NULL,
  `city` varchar(50) NOT NULL,
  `pincode` int(11) NOT NULL,
  `mobile` int(11) NOT NULL,
  `payment_type` varchar(20) NOT NULL,
  `total_price` float NOT NULL,
  `payment_status` varchar(20) NOT NULL,
  `order_status` int(11) NOT NULL,
  `added_on` datetime NOT NULL
) ENGINE=InnoDB DEFAULT CHARSET=utf8mb4;

--
-- Dumping data for table `order`
--

INSERT INTO `order` (`id`, `user_id`, `address`, `city`, `pincode`, `mobile`, `payment_type`, `total_price`, `payment_status`, `order_status`, `added_on`) VALUES
(1, 4, 'shasongacha', 'cumilla', 3500, 123456, 'cod', 570, 'success', 4, '2020-05-07 12:11:42'),
(2, 6, 'rashid colony', 'noakhali', 3400, 234243, 'cod', 370, 'success', 3, '2020-05-07 05:12:43');

-- --------------------------------------------------------

--
-- Table structure for table `order_detail`
--

CREATE TABLE `order_detail` (
  `id` int(11) NOT NULL,
  `order_id` int(11) NOT NULL,
  `product_id` int(11) NOT NULL,
  `quantity` int(11) NOT NULL,
  `price` float NOT NULL
) ENGINE=InnoDB DEFAULT CHARSET=utf8mb4;

--
-- Dumping data for table `order_detail`
--

INSERT INTO `order_detail` (`id`, `order_id`, `product_id`, `quantity`, `price`) VALUES
(1, 1, 10, 2, 190),
(2, 1, 2, 1, 190),
(3, 2, 11, 1, 190),
(4, 2, 1, 2, 90);

-- --------------------------------------------------------

--
-- Table structure for table `order_status`
--

CREATE TABLE `order_status` (
  `id` int(11) NOT NULL,
  `name` varchar(75) NOT NULL
) ENGINE=InnoDB DEFAULT CHARSET=utf8mb4;

--
-- Dumping data for table `order_status`
--

INSERT INTO `order_status` (`id`, `name`) VALUES
(1, 'Pending'),
(2, 'Processing'),
(3, 'Shipped'),
(4, 'Canceled'),
(5, 'Complete');

-- --------------------------------------------------------

--
-- Table structure for table `product`
--

CREATE TABLE `product` (
  `id` int(11) NOT NULL,
  `categories_id` int(11) NOT NULL,
  `p_name` varchar(255) NOT NULL,
  `mrp` float NOT NULL,
  `price` float NOT NULL,
  `quantity` int(11) NOT NULL,
  `image` varchar(255) NOT NULL,
  `short_desc` varchar(2000) NOT NULL,
  `description` text NOT NULL,
  `meta_title` varchar(2000) NOT NULL,
  `meta_desc` varchar(2000) NOT NULL,
  `meta_keyword` varchar(255) NOT NULL,
  `status` tinyint(4) NOT NULL
) ENGINE=InnoDB DEFAULT CHARSET=utf8mb4;

--
-- Dumping data for table `product`
--

INSERT INTO `product` (`id`, `categories_id`, `p_name`, `mrp`, `price`, `quantity`, `image`, `short_desc`, `description`, `meta_title`, `meta_desc`, `meta_keyword`, `status`) VALUES
(1, 48, 'test product', 100, 90, 10, '556470993_FPEJ8410.JPEG', 'Lorem ipsum dolor sit amet, consectetuer adipiscing elit, sed diam nonummy nibh euismod tincidunt ut laoreet dolore magna aliquam erat volutpat. Ut wisi enim ad minim veniam, quis nostrud exerci tation ullamcorper suscipit lobortis nisl ut aliquip ex ea commodo consequat.', 'Lorem ipsum dolor sit amet, consectetuer adipiscing elit, sed diam nonummy nibh euismod tincidunt ut laoreet dolore magna aliquam erat volutpat. Ut wisi enim ad minim veniam, quis nostrud exerci tation ullamcorper suscipit lobortis nisl ut aliquip ex ea commodo consequat. Duis autem vel eum iriure dolor in hendrerit in vulputate velit esse molestie consequat, vel illum dolore eu feugiat nulla facilisis at vero eros et accumsan et iusto odio dignissim qui blandit praesent luptatum zzril delenit augue duis dolore te feugait nulla facilisi. Nam liber tempor cum soluta nobis eleifend option congue nihil imperdiet doming id quod mazim placerat facer possim assum. Typi non habent claritatem insitam; est usus legentis in iis qui facit eorum claritatem</p>\r\n                                    <p>Lorem ipsum dolor sit amet, consectetuer adipiscing elit, sed diam nonummy nibh euismod tincidunt ut laoreet dolore magna aliquam erat volutpat. Duis autem vel eum iriure dolor in hendrerit in vulputate velit esse molestie consequat, vel illum dolore eu feugiat nulla facilisis at vero eros et accumsan et iusto odio dignissim qui blandit praesent luptatum zzril delenit augue duis dolore te feugait nulla facilisi.', 'meta title', '', '', 1),
(2, 48, 'new', 200, 190, 4, '866913343_IMG_0067.JPG', '5', '6', '7', '8', '9', 1),
(10, 48, 'test with image', 200, 190, 4, '351308031_DFQM6167.JPG', 'adasd', '', '', '', '', 0),
(11, 48, 'test with imagetttttttttttttttttttttt', 200, 190, 5, '980361000_CEDS4312.JPG', 'kjkjhj', 'khkj', '', '', '', 1),
(13, 53, 'P-6', 1350, 1350, 5, '567169922_panjabi1.jpg', 'test', 'size availabe', '', '', '', 1),
(14, 54, 'S-1', 1750, 1750, 6, '971340269_sharee.jpg', 'test', 'Different Colors available', '', '', '', 1),
(15, 53, 'P-7', 1060, 1060, 5, '269134247_panjabi.jpg', 'test', 'size available', '', '', '', 1),
(16, 54, 'শখের শাড়ি-২২', 1350, 1350, 5, '862061619_sharee blue.jpg', 'test', 'test', '', '', '', 1),
(17, 53, 'test1', 1350, 1350, 6, '938440608_panjabi1.jpg', 'test', 'বাংলায়ও ডিস্ক্রিপশন লেখা যাবে', '', '', '', 1);

-- --------------------------------------------------------

--
-- Table structure for table `users`
--

CREATE TABLE `users` (
  `id` int(11) NOT NULL,
  `name` varchar(255) NOT NULL,
  `email` varchar(255) NOT NULL,
  `mobile` varchar(50) NOT NULL,
  `password` varchar(255) NOT NULL,
  `added_on` datetime NOT NULL
) ENGINE=InnoDB DEFAULT CHARSET=utf8mb4;

--
-- Dumping data for table `users`
--

INSERT INTO `users` (`id`, `name`, `email`, `mobile`, `password`, `added_on`) VALUES
(4, 'test1', 'test1@gmail.com', '12342134132', '1234', '2020-05-01 12:40:51'),
(5, 'test2', 'test2@gmail.com', '1234567', '1234', '2020-05-05 11:38:07'),
(6, 'robo2', 'robo22@gmail.com', '1234', '1234', '2020-05-06 04:02:56');

--
-- Indexes for dumped tables
--

--
-- Indexes for table `admin_users`
--
ALTER TABLE `admin_users`
  ADD PRIMARY KEY (`id`);

--
-- Indexes for table `categories`
--
ALTER TABLE `categories`
  ADD PRIMARY KEY (`id`);

--
-- Indexes for table `contact_us`
--
ALTER TABLE `contact_us`
  ADD PRIMARY KEY (`id`);

--
-- Indexes for table `order`
--
ALTER TABLE `order`
  ADD PRIMARY KEY (`id`);

--
-- Indexes for table `order_detail`
--
ALTER TABLE `order_detail`
  ADD PRIMARY KEY (`id`);

--
-- Indexes for table `order_status`
--
ALTER TABLE `order_status`
  ADD PRIMARY KEY (`id`);

--
-- Indexes for table `product`
--
ALTER TABLE `product`
  ADD PRIMARY KEY (`id`);

--
-- Indexes for table `users`
--
ALTER TABLE `users`
  ADD PRIMARY KEY (`id`);

--
-- AUTO_INCREMENT for dumped tables
--

--
-- AUTO_INCREMENT for table `admin_users`
--
ALTER TABLE `admin_users`
  MODIFY `id` int(11) NOT NULL AUTO_INCREMENT, AUTO_INCREMENT=2;

--
-- AUTO_INCREMENT for table `categories`
--
ALTER TABLE `categories`
  MODIFY `id` int(11) NOT NULL AUTO_INCREMENT, AUTO_INCREMENT=58;

--
-- AUTO_INCREMENT for table `contact_us`
--
ALTER TABLE `contact_us`
  MODIFY `id` int(11) NOT NULL AUTO_INCREMENT, AUTO_INCREMENT=6;

--
-- AUTO_INCREMENT for table `order`
--
ALTER TABLE `order`
  MODIFY `id` int(11) NOT NULL AUTO_INCREMENT, AUTO_INCREMENT=3;

--
-- AUTO_INCREMENT for table `order_detail`
--
ALTER TABLE `order_detail`
  MODIFY `id` int(11) NOT NULL AUTO_INCREMENT, AUTO_INCREMENT=5;

--
-- AUTO_INCREMENT for table `product`
--
ALTER TABLE `product`
  MODIFY `id` int(11) NOT NULL AUTO_INCREMENT, AUTO_INCREMENT=18;

--
-- AUTO_INCREMENT for table `users`
--
ALTER TABLE `users`
  MODIFY `id` int(11) NOT NULL AUTO_INCREMENT, AUTO_INCREMENT=7;
COMMIT;

/*!40101 SET CHARACTER_SET_CLIENT=@OLD_CHARACTER_SET_CLIENT */;
/*!40101 SET CHARACTER_SET_RESULTS=@OLD_CHARACTER_SET_RESULTS */;
/*!40101 SET COLLATION_CONNECTION=@OLD_COLLATION_CONNECTION */;
